eval_date,train_snapshot,check_date,eligible,base_hits,flagged,flagged_hits,flagged_mean_change,eligible_mean_change,eligible_below_1eur,base_hits_below_1eur,flagged_below_1eur,flagged_eur_gain
2026-06-02,2026-05-26,2026-06-09,78554,0,0,0,0.0,0.0,59334,0,0,0.0
2026-06-04,2026-05-28,2026-06-11,78554,0,0,0,0.0,0.0,59334,0,0,0.0
2026-06-05,2026-05-29,2026-06-12,78554,0,0,0,0.0,0.0,59334,0,0,0.0
2026-06-06,2026-05-30,2026-06-13,78554,0,0,0,0.0,0.0,59334,0,0,0.0
2026-06-07,2026-05-31,2026-06-14,78554,0,0,0,0.0,0.0,59334,0,0,0.0
2026-06-08,2026-06-01,2026-06-15,78554,0,0,0,0.0,0.0,59334,0,0,0.0
2026-06-09,2026-06-02,2026-06-16,77712,0,0,0,0.0,0.0,58763,0,0,0.0
2026-06-11,2026-06-04,2026-06-18,77712,0,0,0,0.0,0.0,58763,0,0,0.0
2026-06-12,2026-06-05,2026-06-19,77712,0,0,0,0.0,0.0,58763,0,0,0.0
2026-06-13,2026-06-06,2026-06-20,77712,0,0,0,0.0,0.0,58763,0,0,0.0
2026-06-14,2026-06-07,2026-06-21,78554,0,0,0,0.0,0.0,59334,0,0,0.0
2026-06-15,2026-06-08,2026-06-22,78554,0,0,0,0.0,0.0,59334,0,0,0.0
2026-06-16,2026-06-09,2026-06-23,77712,0,0,0,0.0,0.0,58763,0,0,0.0
2026-06-22,2026-06-15,2026-06-29,78554,0,0,0,0.0,0.0,59334,0,0,0.0
2026-06-29,2026-06-22,2026-07-06,78554,0,0,0,0.0,0.0,59334,0,0,0.0
2026-07-06,2026-06-29,2026-07-13,78554,28347,0,0,0.0,0.12195810675621033,59334,23199,0,0.0
2026-07-08,2026-07-01,2026-07-15,79015,11790,3514,1300,0.2533372640609741,0.019357824698090553,59338,10346,3514,38.970001220703125
2026-07-09,2026-07-02,2026-07-16,79015,9981,3192,940,0.20585262775421143,0.013711739331483841,59345,8785,3192,26.59000015258789
2026-07-13,2026-07-06,2026-07-20,80285,12718,3306,1257,0.33738020062446594,0.023460838943719864,60237,11167,3306,40.65999984741211
2026-07-14,2026-07-07,2026-07-21,80284,14026,4,4,5.25,0.028540927916765213,60250,12228,4,0.4200000464916229
2026-07-15,2026-07-08,2026-07-22,80288,13066,10,8,20.950000762939453,0.024882636964321136,60225,11429,10,4.21999979019165
2026-07-16,2026-07-09,2026-07-23,80288,14396,0,0,0.0,0.030382206663489342,60225,12563,0,0.0
2026-07-17,2026-07-10,2026-07-24,80522,13606,26,19,12.766026496887207,0.02864338830113411,60440,11845,26,6.809999942779541
2026-07-20,2026-07-13,2026-07-27,80531,15487,72,38,8.878190994262695,0.03977781906723976,60436,13614,72,13.469999313354492
2026-07-21,2026-07-14,2026-07-28,80534,13504,52,24,6.623397350311279,0.03237232565879822,60372,11988,52,7.019999980926514
2026-09-13,2026-09-06,2026-09-20,81336,13393,76,56,1.2826128005981445,0.015016354620456696,60677,11553,76,2.7099997997283936
2026-09-14,2026-09-07,2026-09-21,81336,14417,37,24,1.8018019199371338,0.01735350675880909,60677,12350,37,1.6699999570846558
2026-09-20,2026-09-13,2026-09-27,81562,11473,144,81,0.9004795551300049,0.01543338131159544,60714,10106,144,4.050000190734863
2026-09-21,2026-09-14,2026-09-28,81625,10070,322,159,0.5450229048728943,0.012971408665180206,60763,8954,322,5.730000019073486
